<?xml version="1.0" encoding="UTF-8" ?>
<!DOCTYPE configuration
  PUBLIC "-//mybatis.org//DTD Config 3.0//EN"
  "http://mybatis.org/dtd/mybatis-3-config.dtd">
<configuration>
	<properties resource="jdbc.properties"/>
	<typeAliases>
		<typeAlias alias="Student" type="com.mybatis3.domain.Student"/>
	</typeAliases>
	<environments default="development">
		<environment id="development">
			<transactionManager type="JDBC" />
			
			<dataSource type="POOLED">
				<property name="driver" value="${jdbc.driverClassName}" />
				<property name="url" value="${jdbc.url}" />
				<property name="username" value="${jdbc.username}" />
				<property name="password" value="${jdbc.password}" />
			</dataSource>
			
			<!-- 
			<dataSource type="POOLED">
				<property name="driver" value="oracle.jdbc.driver.OracleDriver" />
				<property name="url" value="jdbc:oracle:thin:@182.237.126.19:1521:XE" />
				<property name="username" value="javabackend99" />
				<property name="password" value="javabackend99" />
			</dataSource>
			-->
		</environment>
	</environments>
	<mappers>
		<!-- <mapper class="com.mybatis3.dao.mapper.StudentMapper"/> -->
		<mapper
			resource="com/mybatis3/dao/mapper/StudentMapper.xml" />
	</mappers>
</configuration>









